Order Id,Product ID,Quantity,Date
1,10,111,          09-28-2021
2,13,112,1/1/2001
3,14,113,11/10/2018
4,15,114,          11-20-2021
5,16,115,11/11/2021
6,17,116,          12/23/2018
7,18,117,1/6/2009
8,19,118,11/10/2018
9,20,119,          11-20-2021
10,21,120,11/11/2021
11,22,121,           09-28-2021
12,23,122,10/7/2009
13,24,123,11/10/2018
14,25,124,           11-20-2021
15,26,125,11/11/2021
16,27,126,          09-28-2021
17,28,127,1/6/2009
18,29,128,11/10/2018
19,30,129,           11-20-2021
20,31,130,11/11/2021
21,32,131,           09-28-2021
22,33,132,10/7/2009
23,34,133,11/10/2018
24,35,134,          11-20-2021
25,36,135,11/11/2021
26,37,136,           09-28-2021
27,38,137,1/6/2009
28,39,138,11/10/2018
29,40,139,           11-20-2021
30,41,140,11/11/2021
31,42,141,          09-28-2021
32,43,142,10/7/2009
33,44,143,11/10/2018
34,45,144,          11-20-2021
35,46,145,11/11/2021
36,47,146,           09-28-2021
37,48,147,1/6/2009
38,49,148,11/10/2018
39,50,149,           11-20-2021
40,51,150,11/11/2021
41,52,151,           09-28-2021
42,53,152,10/9/2009
43,54,153,11/10/2018
44,55,154,          11-20-2021
45,56,155,11/11/2021
46,57,156,          09-28-2021
47,58,157,10/9/2009
48,59,158,11/10/2018
49,60,159,          11-20-2021
50,61,160,11/11/2021
